dataset,case,index,method,target_label,deleted_fraction,base_probability,base_target_confidence,probability_after_deletion,target_confidence_after_deletion,confidence_drop
kepler,positivo_correcto_alta_confianza,1132,saliency,1,0.0,0.9969246983528137,0.9969246983528137,0.9969246983528137,0.9969246983528137,0.0
kepler,positivo_correcto_alta_confianza,1132,saliency,1,0.05,0.9969246983528137,0.9969246983528137,0.9525042772293091,0.9525042772293091,0.04442042112350464
kepler,positivo_correcto_alta_confianza,1132,saliency,1,0.1,0.9969246983528137,0.9969246983528137,0.7805009484291077,0.7805009484291077,0.21642374992370605
kepler,positivo_correcto_alta_confianza,1132,saliency,1,0.2,0.9969246983528137,0.9969246983528137,0.5423312187194824,0.5423312187194824,0.4545934796333313
kepler,positivo_correcto_alta_confianza,1132,saliency,1,0.3,0.9969246983528137,0.9969246983528137,0.5150978565216064,0.5150978565216064,0.4818268418312073
kepler,positivo_correcto_alta_confianza,1132,saliency,1,0.5,0.9969246983528137,0.9969246983528137,0.06839320063591003,0.06839320063591003,0.9285314977169037
kepler,positivo_correcto_alta_confianza,1132,smoothgrad,1,0.0,0.9969246983528137,0.9969246983528137,0.9969246983528137,0.9969246983528137,0.0
kepler,positivo_correcto_alta_confianza,1132,smoothgrad,1,0.05,0.9969246983528137,0.9969246983528137,0.9360777139663696,0.9360777139663696,0.06084698438644409
kepler,positivo_correcto_alta_confianza,1132,smoothgrad,1,0.1,0.9969246983528137,0.9969246983528137,0.8740873336791992,0.8740873336791992,0.1228373646736145
kepler,positivo_correcto_alta_confianza,1132,smoothgrad,1,0.2,0.9969246983528137,0.9969246983528137,0.7163461446762085,0.7163461446762085,0.2805785536766052
kepler,positivo_correcto_alta_confianza,1132,smoothgrad,1,0.3,0.9969246983528137,0.9969246983528137,0.5814962387084961,0.5814962387084961,0.4154284596443176
kepler,positivo_correcto_alta_confianza,1132,smoothgrad,1,0.5,0.9969246983528137,0.9969246983528137,0.045120108872652054,0.045120108872652054,0.9518045894801617
kepler,positivo_correcto_alta_confianza,1132,integrated_gradients,1,0.0,0.9969246983528137,0.9969246983528137,0.9969246983528137,0.9969246983528137,0.0
kepler,positivo_correcto_alta_confianza,1132,integrated_gradients,1,0.05,0.9969246983528137,0.9969246983528137,0.041356172412633896,0.041356172412633896,0.9555685259401798
kepler,positivo_correcto_alta_confianza,1132,integrated_gradients,1,0.1,0.9969246983528137,0.9969246983528137,0.041026853024959564,0.041026853024959564,0.9558978453278542
kepler,positivo_correcto_alta_confianza,1132,integrated_gradients,1,0.2,0.9969246983528137,0.9969246983528137,0.17997345328330994,0.17997345328330994,0.8169512450695038
kepler,positivo_correcto_alta_confianza,1132,integrated_gradients,1,0.3,0.9969246983528137,0.9969246983528137,0.12144491076469421,0.12144491076469421,0.8754797875881195
kepler,positivo_correcto_alta_confianza,1132,integrated_gradients,1,0.5,0.9969246983528137,0.9969246983528137,0.01906265690922737,0.01906265690922737,0.9778620414435863
kepler,positivo_correcto_alta_confianza,1132,occlusion,1,0.0,0.9969246983528137,0.9969246983528137,0.9969246983528137,0.9969246983528137,0.0
kepler,positivo_correcto_alta_confianza,1132,occlusion,1,0.05,0.9969246983528137,0.9969246983528137,0.8691692352294922,0.8691692352294922,0.12775546312332153
kepler,positivo_correcto_alta_confianza,1132,occlusion,1,0.1,0.9969246983528137,0.9969246983528137,0.07368718087673187,0.07368718087673187,0.9232375174760818
kepler,positivo_correcto_alta_confianza,1132,occlusion,1,0.2,0.9969246983528137,0.9969246983528137,0.012355031445622444,0.012355031445622444,0.9845696669071913
kepler,positivo_correcto_alta_confianza,1132,occlusion,1,0.3,0.9969246983528137,0.9969246983528137,0.011185696348547935,0.011185696348547935,0.9857390020042658
kepler,positivo_correcto_alta_confianza,1132,occlusion,1,0.5,0.9969246983528137,0.9969246983528137,6.764279532944784e-05,6.764279532944784e-05,0.9968570555574843
kepler,positivo_correcto_alta_confianza,1132,gradcam,1,0.0,0.9969246983528137,0.9969246983528137,0.9969246983528137,0.9969246983528137,0.0
kepler,positivo_correcto_alta_confianza,1132,gradcam,1,0.05,0.9969246983528137,0.9969246983528137,0.9894447922706604,0.9894447922706604,0.00747990608215332
kepler,positivo_correcto_alta_confianza,1132,gradcam,1,0.1,0.9969246983528137,0.9969246983528137,0.9858394265174866,0.9858394265174866,0.011085271835327148
kepler,positivo_correcto_alta_confianza,1132,gradcam,1,0.2,0.9969246983528137,0.9969246983528137,0.8733929395675659,0.8733929395675659,0.1235317587852478
kepler,positivo_correcto_alta_confianza,1132,gradcam,1,0.3,0.9969246983528137,0.9969246983528137,0.8295642137527466,0.8295642137527466,0.16736048460006714
kepler,positivo_correcto_alta_confianza,1132,gradcam,1,0.5,0.9969246983528137,0.9969246983528137,0.6414691805839539,0.6414691805839539,0.35545551776885986
kepler,positivo_correcto_alta_confianza,1132,gradcam_multiscale,1,0.0,0.9969246983528137,0.9969246983528137,0.9969246983528137,0.9969246983528137,0.0
kepler,positivo_correcto_alta_confianza,1132,gradcam_multiscale,1,0.05,0.9969246983528137,0.9969246983528137,0.4604698717594147,0.4604698717594147,0.536454826593399
kepler,positivo_correcto_alta_confianza,1132,gradcam_multiscale,1,0.1,0.9969246983528137,0.9969246983528137,0.056468553841114044,0.056468553841114044,0.9404561445116997
kepler,positivo_correcto_alta_confianza,1132,gradcam_multiscale,1,0.2,0.9969246983528137,0.9969246983528137,0.5268378853797913,0.5268378853797913,0.47008681297302246
kepler,positivo_correcto_alta_confianza,1132,gradcam_multiscale,1,0.3,0.9969246983528137,0.9969246983528137,0.08981369435787201,0.08981369435787201,0.9071110039949417
kepler,positivo_correcto_alta_confianza,1132,gradcam_multiscale,1,0.5,0.9969246983528137,0.9969246983528137,0.03886876255273819,0.03886876255273819,0.9580559358000755
kepler,positivo_correcto_alta_confianza,1132,consensus,1,0.0,0.9969246983528137,0.9969246983528137,0.9969246983528137,0.9969246983528137,0.0
kepler,positivo_correcto_alta_confianza,1132,consensus,1,0.05,0.9969246983528137,0.9969246983528137,0.5173708200454712,0.5173708200454712,0.47955387830734253
kepler,positivo_correcto_alta_confianza,1132,consensus,1,0.1,0.9969246983528137,0.9969246983528137,0.10773377865552902,0.10773377865552902,0.8891909196972847
kepler,positivo_correcto_alta_confianza,1132,consensus,1,0.2,0.9969246983528137,0.9969246983528137,0.05011783167719841,0.05011783167719841,0.9468068666756153
kepler,positivo_correcto_alta_confianza,1132,consensus,1,0.3,0.9969246983528137,0.9969246983528137,0.02742469497025013,0.02742469497025013,0.9695000033825636
kepler,positivo_correcto_alta_confianza,1132,consensus,1,0.5,0.9969246983528137,0.9969246983528137,0.012004443444311619,0.012004443444311619,0.9849202549085021
kepler,negativo_correcto_alta_confianza,1365,saliency,0,0.0,2.1046115298960658e-19,1.0,2.1046115298960658e-19,1.0,0.0
kepler,negativo_correcto_alta_confianza,1365,saliency,0,0.05,2.1046115298960658e-19,1.0,8.284478585454148e-15,0.9999999999999917,8.326672684688674e-15
kepler,negativo_correcto_alta_confianza,1365,saliency,0,0.1,2.1046115298960658e-19,1.0,1.4451982972428674e-14,0.9999999999999856,1.4432899320127035e-14
kepler,negativo_correcto_alta_confianza,1365,saliency,0,0.2,2.1046115298960658e-19,1.0,2.956499656647793e-06,0.9999970435003434,2.956499656647793e-06
kepler,negativo_correcto_alta_confianza,1365,saliency,0,0.3,2.1046115298960658e-19,1.0,0.00045557183329947293,0.9995444281667005,0.00045557183329947293
kepler,negativo_correcto_alta_confianza,1365,saliency,0,0.5,2.1046115298960658e-19,1.0,0.16157890856266022,0.8384210914373398,0.16157890856266022
kepler,negativo_correcto_alta_confianza,1365,smoothgrad,0,0.0,2.1046115298960658e-19,1.0,2.1046115298960658e-19,1.0,0.0
kepler,negativo_correcto_alta_confianza,1365,smoothgrad,0,0.05,2.1046115298960658e-19,1.0,1.3859306591257337e-08,0.9999999861406934,1.3859306591257337e-08
kepler,negativo_correcto_alta_confianza,1365,smoothgrad,0,0.1,2.1046115298960658e-19,1.0,3.679630390251987e-05,0.9999632036960975,3.679630390251987e-05
kepler,negativo_correcto_alta_confianza,1365,smoothgrad,0,0.2,2.1046115298960658e-19,1.0,0.0006256205961108208,0.9993743794038892,0.0006256205961108208
kepler,negativo_correcto_alta_confianza,1365,smoothgrad,0,0.3,2.1046115298960658e-19,1.0,0.026122717186808586,0.9738772828131914,0.026122717186808586
kepler,negativo_correcto_alta_confianza,1365,smoothgrad,0,0.5,2.1046115298960658e-19,1.0,0.0008135441457852721,0.9991864558542147,0.0008135441457852721
kepler,negativo_correcto_alta_confianza,1365,integrated_gradients,0,0.0,2.1046115298960658e-19,1.0,2.1046115298960658e-19,1.0,0.0
kepler,negativo_correcto_alta_confianza,1365,integrated_gradients,0,0.05,2.1046115298960658e-19,1.0,0.10550103336572647,0.8944989666342735,0.10550103336572647
kepler,negativo_correcto_alta_confianza,1365,integrated_gradients,0,0.1,2.1046115298960658e-19,1.0,0.09416025131940842,0.9058397486805916,0.09416025131940842
kepler,negativo_correcto_alta_confianza,1365,integrated_gradients,0,0.2,2.1046115298960658e-19,1.0,0.11366990208625793,0.8863300979137421,0.11366990208625793
kepler,negativo_correcto_alta_confianza,1365,integrated_gradients,0,0.3,2.1046115298960658e-19,1.0,0.08782742917537689,0.9121725708246231,0.08782742917537689
kepler,negativo_correcto_alta_confianza,1365,integrated_gradients,0,0.5,2.1046115298960658e-19,1.0,0.020899035036563873,0.9791009649634361,0.020899035036563873
kepler,negativo_correcto_alta_confianza,1365,occlusion,0,0.0,2.1046115298960658e-19,1.0,2.1046115298960658e-19,1.0,0.0
kepler,negativo_correcto_alta_confianza,1365,occlusion,0,0.05,2.1046115298960658e-19,1.0,3.1529066967194383e-19,1.0,0.0
kepler,negativo_correcto_alta_confianza,1365,occlusion,0,0.1,2.1046115298960658e-19,1.0,5.852061917459265e-19,1.0,0.0
kepler,negativo_correcto_alta_confianza,1365,occlusion,0,0.2,2.1046115298960658e-19,1.0,1.6265506982279733e-15,0.9999999999999983,1.6653345369377348e-15
kepler,negativo_correcto_alta_confianza,1365,occlusion,0,0.3,2.1046115298960658e-19,1.0,1.3036721360640616e-14,0.999999999999987,1.2989609388114332e-14
kepler,negativo_correcto_alta_confianza,1365,occlusion,0,0.5,2.1046115298960658e-19,1.0,3.0159742433512327e-13,0.9999999999996984,3.0164759579065503e-13
kepler,negativo_correcto_alta_confianza,1365,gradcam,0,0.0,2.1046115298960658e-19,1.0,2.1046115298960658e-19,1.0,0.0
kepler,negativo_correcto_alta_confianza,1365,gradcam,0,0.05,2.1046115298960658e-19,1.0,3.220397242604221e-14,0.9999999999999678,3.219646771412954e-14
kepler,negativo_correcto_alta_confianza,1365,gradcam,0,0.1,2.1046115298960658e-19,1.0,1.1955605776214906e-12,0.9999999999988044,1.195599175218831e-12
kepler,negativo_correcto_alta_confianza,1365,gradcam,0,0.2,2.1046115298960658e-19,1.0,2.206253313374873e-08,0.9999999779374669,2.206253313374873e-08
kepler,negativo_correcto_alta_confianza,1365,gradcam,0,0.3,2.1046115298960658e-19,1.0,1.467485708417371e-05,0.9999853251429158,1.467485708417371e-05
kepler,negativo_correcto_alta_confianza,1365,gradcam,0,0.5,2.1046115298960658e-19,1.0,0.00015109263767953962,0.9998489073623205,0.00015109263767953962
kepler,negativo_correcto_alta_confianza,1365,gradcam_multiscale,0,0.0,2.1046115298960658e-19,1.0,2.1046115298960658e-19,1.0,0.0
kepler,negativo_correcto_alta_confianza,1365,gradcam_multiscale,0,0.05,2.1046115298960658e-19,1.0,8.389293361688033e-05,0.9999161070663831,8.389293361688033e-05
kepler,negativo_correcto_alta_confianza,1365,gradcam_multiscale,0,0.1,2.1046115298960658e-19,1.0,0.0016097357729449868,0.998390264227055,0.0016097357729449868
kepler,negativo_correcto_alta_confianza,1365,gradcam_multiscale,0,0.2,2.1046115298960658e-19,1.0,0.002154204063117504,0.9978457959368825,0.002154204063117504
kepler,negativo_correcto_alta_confianza,1365,gradcam_multiscale,0,0.3,2.1046115298960658e-19,1.0,0.0022984519600868225,0.9977015480399132,0.0022984519600868225
kepler,negativo_correcto_alta_confianza,1365,gradcam_multiscale,0,0.5,2.1046115298960658e-19,1.0,0.00021239403577055782,0.9997876059642294,0.00021239403577055782
kepler,negativo_correcto_alta_confianza,1365,consensus,0,0.0,2.1046115298960658e-19,1.0,2.1046115298960658e-19,1.0,0.0
kepler,negativo_correcto_alta_confianza,1365,consensus,0,0.05,2.1046115298960658e-19,1.0,0.1137748658657074,0.8862251341342926,0.1137748658657074
kepler,negativo_correcto_alta_confianza,1365,consensus,0,0.1,2.1046115298960658e-19,1.0,0.008032198995351791,0.9919678010046482,0.008032198995351791
kepler,negativo_correcto_alta_confianza,1365,consensus,0,0.2,2.1046115298960658e-19,1.0,0.0001374397979816422,0.9998625602020184,0.0001374397979816422
kepler,negativo_correcto_alta_confianza,1365,consensus,0,0.3,2.1046115298960658e-19,1.0,0.00016867622616700828,0.999831323773833,0.00016867622616700828
kepler,negativo_correcto_alta_confianza,1365,consensus,0,0.5,2.1046115298960658e-19,1.0,7.894531154306605e-05,0.9999210546884569,7.894531154306605e-05
kepler,cerca_del_umbral,275,saliency,0,0.0,0.4931982159614563,0.5068017840385437,0.4931982159614563,0.5068017840385437,0.0
kepler,cerca_del_umbral,275,saliency,0,0.05,0.4931982159614563,0.5068017840385437,0.031194621697068214,0.9688053783029318,-0.4620035942643881
kepler,cerca_del_umbral,275,saliency,0,0.1,0.4931982159614563,0.5068017840385437,0.018260059878230095,0.9817399401217699,-0.4749381560832262
kepler,cerca_del_umbral,275,saliency,0,0.2,0.4931982159614563,0.5068017840385437,0.002031349577009678,0.9979686504229903,-0.4911668663844466
kepler,cerca_del_umbral,275,saliency,0,0.3,0.4931982159614563,0.5068017840385437,0.007050456944853067,0.9929495430551469,-0.48614775901660323
kepler,cerca_del_umbral,275,saliency,0,0.5,0.4931982159614563,0.5068017840385437,0.027170373126864433,0.9728296268731356,-0.46602784283459187
kepler,cerca_del_umbral,275,smoothgrad,0,0.0,0.4931982159614563,0.5068017840385437,0.4931982159614563,0.5068017840385437,0.0
kepler,cerca_del_umbral,275,smoothgrad,0,0.05,0.4931982159614563,0.5068017840385437,0.03183666244149208,0.9681633375585079,-0.4613615535199642
kepler,cerca_del_umbral,275,smoothgrad,0,0.1,0.4931982159614563,0.5068017840385437,0.019457971677184105,0.9805420283228159,-0.4737402442842722
kepler,cerca_del_umbral,275,smoothgrad,0,0.2,0.4931982159614563,0.5068017840385437,0.004940774291753769,0.9950592257082462,-0.48825744166970253
kepler,cerca_del_umbral,275,smoothgrad,0,0.3,0.4931982159614563,0.5068017840385437,0.002690314082428813,0.9973096859175712,-0.4905079018790275
kepler,cerca_del_umbral,275,smoothgrad,0,0.5,0.4931982159614563,0.5068017840385437,0.02764585241675377,0.9723541475832462,-0.46555236354470253
kepler,cerca_del_umbral,275,integrated_gradients,0,0.0,0.4931982159614563,0.5068017840385437,0.4931982159614563,0.5068017840385437,0.0
kepler,cerca_del_umbral,275,integrated_gradients,0,0.05,0.4931982159614563,0.5068017840385437,0.020892880856990814,0.9791071191430092,-0.4723053351044655
kepler,cerca_del_umbral,275,integrated_gradients,0,0.1,0.4931982159614563,0.5068017840385437,0.046423956751823425,0.9535760432481766,-0.4467742592096329
kepler,cerca_del_umbral,275,integrated_gradients,0,0.2,0.4931982159614563,0.5068017840385437,0.07628389447927475,0.9237161055207253,-0.41691432148218155
kepler,cerca_del_umbral,275,integrated_gradients,0,0.3,0.4931982159614563,0.5068017840385437,0.050873249769210815,0.9491267502307892,-0.4423249661922455
kepler,cerca_del_umbral,275,integrated_gradients,0,0.5,0.4931982159614563,0.5068017840385437,0.010411015711724758,0.9895889842882752,-0.48278720024973154
kepler,cerca_del_umbral,275,occlusion,0,0.0,0.4931982159614563,0.5068017840385437,0.4931982159614563,0.5068017840385437,0.0
kepler,cerca_del_umbral,275,occlusion,0,0.05,0.4931982159614563,0.5068017840385437,0.8779579997062683,0.12204200029373169,0.384759783744812
kepler,cerca_del_umbral,275,occlusion,0,0.1,0.4931982159614563,0.5068017840385437,0.9540233612060547,0.04597663879394531,0.4608251452445984
kepler,cerca_del_umbral,275,occlusion,0,0.2,0.4931982159614563,0.5068017840385437,0.8876916766166687,0.1123083233833313,0.3944934606552124
kepler,cerca_del_umbral,275,occlusion,0,0.3,0.4931982159614563,0.5068017840385437,0.24631215631961823,0.7536878436803818,-0.24688605964183807
kepler,cerca_del_umbral,275,occlusion,0,0.5,0.4931982159614563,0.5068017840385437,0.1806565821170807,0.8193434178829193,-0.3125416338443756
kepler,cerca_del_umbral,275,gradcam,0,0.0,0.4931982159614563,0.5068017840385437,0.4931982159614563,0.5068017840385437,0.0
kepler,cerca_del_umbral,275,gradcam,0,0.05,0.4931982159614563,0.5068017840385437,0.4981042742729187,0.5018957257270813,0.004906058311462402
kepler,cerca_del_umbral,275,gradcam,0,0.1,0.4931982159614563,0.5068017840385437,0.40438392758369446,0.5956160724163055,-0.08881428837776184
kepler,cerca_del_umbral,275,gradcam,0,0.2,0.4931982159614563,0.5068017840385437,0.02917873114347458,0.9708212688565254,-0.4640194848179817
kepler,cerca_del_umbral,275,gradcam,0,0.3,0.4931982159614563,0.5068017840385437,0.056537505239248276,0.9434624947607517,-0.436660710722208
kepler,cerca_del_umbral,275,gradcam,0,0.5,0.4931982159614563,0.5068017840385437,0.0032467087730765343,0.9967532912269235,-0.48995150718837976
kepler,cerca_del_umbral,275,gradcam_multiscale,0,0.0,0.4931982159614563,0.5068017840385437,0.4931982159614563,0.5068017840385437,0.0
kepler,cerca_del_umbral,275,gradcam_multiscale,0,0.05,0.4931982159614563,0.5068017840385437,0.6593012809753418,0.3406987190246582,0.1661030650138855
kepler,cerca_del_umbral,275,gradcam_multiscale,0,0.1,0.4931982159614563,0.5068017840385437,0.4758428633213043,0.5241571366786957,-0.017355352640151978
kepler,cerca_del_umbral,275,gradcam_multiscale,0,0.2,0.4931982159614563,0.5068017840385437,0.0037935059517621994,0.9962064940482378,-0.4894047100096941
kepler,cerca_del_umbral,275,gradcam_multiscale,0,0.3,0.4931982159614563,0.5068017840385437,0.00949849933385849,0.9905015006661415,-0.4836997166275978
kepler,cerca_del_umbral,275,gradcam_multiscale,0,0.5,0.4931982159614563,0.5068017840385437,0.04125137999653816,0.9587486200034618,-0.45194683596491814
kepler,cerca_del_umbral,275,consensus,0,0.0,0.4931982159614563,0.5068017840385437,0.4931982159614563,0.5068017840385437,0.0
kepler,cerca_del_umbral,275,consensus,0,0.05,0.4931982159614563,0.5068017840385437,0.32232847809791565,0.6776715219020844,-0.17086973786354065
kepler,cerca_del_umbral,275,consensus,0,0.1,0.4931982159614563,0.5068017840385437,0.7459335923194885,0.2540664076805115,0.2527353763580322
kepler,cerca_del_umbral,275,consensus,0,0.2,0.4931982159614563,0.5068017840385437,0.845287024974823,0.154712975025177,0.3520888090133667
kepler,cerca_del_umbral,275,consensus,0,0.3,0.4931982159614563,0.5068017840385437,0.21669495105743408,0.7833050489425659,-0.2765032649040222
kepler,cerca_del_umbral,275,consensus,0,0.5,0.4931982159614563,0.5068017840385437,0.020631583407521248,0.9793684165924788,-0.47256663255393505
kepler,falso_positivo,677,saliency,1,0.0,0.9931057095527649,0.9931057095527649,0.9931057095527649,0.9931057095527649,0.0
kepler,falso_positivo,677,saliency,1,0.05,0.9931057095527649,0.9931057095527649,0.653174638748169,0.653174638748169,0.33993107080459595
kepler,falso_positivo,677,saliency,1,0.1,0.9931057095527649,0.9931057095527649,0.5520110130310059,0.5520110130310059,0.44109469652175903
kepler,falso_positivo,677,saliency,1,0.2,0.9931057095527649,0.9931057095527649,0.2879268527030945,0.2879268527030945,0.7051788568496704
kepler,falso_positivo,677,saliency,1,0.3,0.9931057095527649,0.9931057095527649,0.30983254313468933,0.30983254313468933,0.6832731664180756
kepler,falso_positivo,677,saliency,1,0.5,0.9931057095527649,0.9931057095527649,0.015981001779437065,0.015981001779437065,0.9771247077733278
kepler,falso_positivo,677,smoothgrad,1,0.0,0.9931057095527649,0.9931057095527649,0.9931057095527649,0.9931057095527649,0.0
kepler,falso_positivo,677,smoothgrad,1,0.05,0.9931057095527649,0.9931057095527649,0.664410412311554,0.664410412311554,0.32869529724121094
kepler,falso_positivo,677,smoothgrad,1,0.1,0.9931057095527649,0.9931057095527649,0.6054262518882751,0.6054262518882751,0.38767945766448975
kepler,falso_positivo,677,smoothgrad,1,0.2,0.9931057095527649,0.9931057095527649,0.3185895085334778,0.3185895085334778,0.6745162010192871
kepler,falso_positivo,677,smoothgrad,1,0.3,0.9931057095527649,0.9931057095527649,0.37763407826423645,0.37763407826423645,0.6154716312885284
kepler,falso_positivo,677,smoothgrad,1,0.5,0.9931057095527649,0.9931057095527649,0.02435554750263691,0.02435554750263691,0.968750162050128
kepler,falso_positivo,677,integrated_gradients,1,0.0,0.9931057095527649,0.9931057095527649,0.9931057095527649,0.9931057095527649,0.0
kepler,falso_positivo,677,integrated_gradients,1,0.05,0.9931057095527649,0.9931057095527649,0.0942152813076973,0.0942152813076973,0.8988904282450676
kepler,falso_positivo,677,integrated_gradients,1,0.1,0.9931057095527649,0.9931057095527649,0.05163956806063652,0.05163956806063652,0.9414661414921284
kepler,falso_positivo,677,integrated_gradients,1,0.2,0.9931057095527649,0.9931057095527649,0.13726559281349182,0.13726559281349182,0.8558401167392731
kepler,falso_positivo,677,integrated_gradients,1,0.3,0.9931057095527649,0.9931057095527649,0.07935172319412231,0.07935172319412231,0.9137539863586426
kepler,falso_positivo,677,integrated_gradients,1,0.5,0.9931057095527649,0.9931057095527649,0.029544709250330925,0.029544709250330925,0.963561000302434
kepler,falso_positivo,677,occlusion,1,0.0,0.9931057095527649,0.9931057095527649,0.9931057095527649,0.9931057095527649,0.0
kepler,falso_positivo,677,occlusion,1,0.05,0.9931057095527649,0.9931057095527649,0.10839188098907471,0.10839188098907471,0.8847138285636902
kepler,falso_positivo,677,occlusion,1,0.1,0.9931057095527649,0.9931057095527649,0.035488951951265335,0.035488951951265335,0.9576167576014996
kepler,falso_positivo,677,occlusion,1,0.2,0.9931057095527649,0.9931057095527649,0.038427844643592834,0.038427844643592834,0.9546778649091721
kepler,falso_positivo,677,occlusion,1,0.3,0.9931057095527649,0.9931057095527649,0.0050711180083453655,0.0050711180083453655,0.9880345915444195
kepler,falso_positivo,677,occlusion,1,0.5,0.9931057095527649,0.9931057095527649,0.001686012838035822,0.001686012838035822,0.9914196967147291
kepler,falso_positivo,677,gradcam,1,0.0,0.9931057095527649,0.9931057095527649,0.9931057095527649,0.9931057095527649,0.0
kepler,falso_positivo,677,gradcam,1,0.05,0.9931057095527649,0.9931057095527649,0.8892167806625366,0.8892167806625366,0.10388892889022827
kepler,falso_positivo,677,gradcam,1,0.1,0.9931057095527649,0.9931057095527649,0.9214329123497009,0.9214329123497009,0.07167279720306396
kepler,falso_positivo,677,gradcam,1,0.2,0.9931057095527649,0.9931057095527649,0.9019355773925781,0.9019355773925781,0.09117013216018677
kepler,falso_positivo,677,gradcam,1,0.3,0.9931057095527649,0.9931057095527649,0.8893328309059143,0.8893328309059143,0.10377287864685059
kepler,falso_positivo,677,gradcam,1,0.5,0.9931057095527649,0.9931057095527649,0.06282361596822739,0.06282361596822739,0.9302820935845375
kepler,falso_positivo,677,gradcam_multiscale,1,0.0,0.9931057095527649,0.9931057095527649,0.9931057095527649,0.9931057095527649,0.0
kepler,falso_positivo,677,gradcam_multiscale,1,0.05,0.9931057095527649,0.9931057095527649,0.17231419682502747,0.17231419682502747,0.8207915127277374
kepler,falso_positivo,677,gradcam_multiscale,1,0.1,0.9931057095527649,0.9931057095527649,0.034202102571725845,0.034202102571725845,0.958903606981039
kepler,falso_positivo,677,gradcam_multiscale,1,0.2,0.9931057095527649,0.9931057095527649,0.3624546229839325,0.3624546229839325,0.6306510865688324
kepler,falso_positivo,677,gradcam_multiscale,1,0.3,0.9931057095527649,0.9931057095527649,0.06381191313266754,0.06381191313266754,0.9292937964200974
kepler,falso_positivo,677,gradcam_multiscale,1,0.5,0.9931057095527649,0.9931057095527649,0.003415205981582403,0.003415205981582403,0.9896905035711825
kepler,falso_positivo,677,consensus,1,0.0,0.9931057095527649,0.9931057095527649,0.9931057095527649,0.9931057095527649,0.0
kepler,falso_positivo,677,consensus,1,0.05,0.9931057095527649,0.9931057095527649,0.12073174864053726,0.12073174864053726,0.8723739609122276
kepler,falso_positivo,677,consensus,1,0.1,0.9931057095527649,0.9931057095527649,0.0943046510219574,0.0943046510219574,0.8988010585308075
kepler,falso_positivo,677,consensus,1,0.2,0.9931057095527649,0.9931057095527649,0.11895319819450378,0.11895319819450378,0.8741525113582611
kepler,falso_positivo,677,consensus,1,0.3,0.9931057095527649,0.9931057095527649,0.004912933800369501,0.004912933800369501,0.9881927757523954
kepler,falso_positivo,677,consensus,1,0.5,0.9931057095527649,0.9931057095527649,0.0017312518320977688,0.0017312518320977688,0.9913744577206671
kepler,falso_negativo,1343,saliency,0,0.0,0.0015448675258085132,0.9984551324741915,0.0015448675258085132,0.9984551324741915,0.0
kepler,falso_negativo,1343,saliency,0,0.05,0.0015448675258085132,0.9984551324741915,0.005382353439927101,0.9946176465600729,0.003837485914118588
kepler,falso_negativo,1343,saliency,0,0.1,0.0015448675258085132,0.9984551324741915,0.06912419945001602,0.930875800549984,0.06757933192420751
kepler,falso_negativo,1343,saliency,0,0.2,0.0015448675258085132,0.9984551324741915,0.8588259220123291,0.1411740779876709,0.8572810544865206
kepler,falso_negativo,1343,saliency,0,0.3,0.0015448675258085132,0.9984551324741915,0.7756048440933228,0.22439515590667725,0.7740599765675142
kepler,falso_negativo,1343,saliency,0,0.5,0.0015448675258085132,0.9984551324741915,0.130755215883255,0.869244784116745,0.1292103483574465
kepler,falso_negativo,1343,smoothgrad,0,0.0,0.0015448675258085132,0.9984551324741915,0.0015448675258085132,0.9984551324741915,0.0
kepler,falso_negativo,1343,smoothgrad,0,0.05,0.0015448675258085132,0.9984551324741915,0.007373656611889601,0.9926263433881104,0.005828789086081088
kepler,falso_negativo,1343,smoothgrad,0,0.1,0.0015448675258085132,0.9984551324741915,0.10084681957960129,0.8991531804203987,0.09930195205379277
kepler,falso_negativo,1343,smoothgrad,0,0.2,0.0015448675258085132,0.9984551324741915,0.8815774321556091,0.11842256784439087,0.8800325646298006
kepler,falso_negativo,1343,smoothgrad,0,0.3,0.0015448675258085132,0.9984551324741915,0.7402522563934326,0.2597477436065674,0.7387073888676241
kepler,falso_negativo,1343,smoothgrad,0,0.5,0.0015448675258085132,0.9984551324741915,0.13237352669239044,0.8676264733076096,0.13082865916658193
kepler,falso_negativo,1343,integrated_gradients,0,0.0,0.0015448675258085132,0.9984551324741915,0.0015448675258085132,0.9984551324741915,0.0
kepler,falso_negativo,1343,integrated_gradients,0,0.05,0.0015448675258085132,0.9984551324741915,0.004838158376514912,0.9951618416234851,0.0032932908507063985
kepler,falso_negativo,1343,integrated_gradients,0,0.1,0.0015448675258085132,0.9984551324741915,0.039209071546792984,0.960790928453207,0.03766420402098447
kepler,falso_negativo,1343,integrated_gradients,0,0.2,0.0015448675258085132,0.9984551324741915,0.02172919735312462,0.9782708026468754,0.020184329827316105
kepler,falso_negativo,1343,integrated_gradients,0,0.3,0.0015448675258085132,0.9984551324741915,0.030936958268284798,0.9690630417317152,0.029392090742476285
kepler,falso_negativo,1343,integrated_gradients,0,0.5,0.0015448675258085132,0.9984551324741915,0.01318384986370802,0.986816150136292,0.011638982337899506
kepler,falso_negativo,1343,occlusion,0,0.0,0.0015448675258085132,0.9984551324741915,0.0015448675258085132,0.9984551324741915,0.0
kepler,falso_negativo,1343,occlusion,0,0.05,0.0015448675258085132,0.9984551324741915,0.07779185473918915,0.9222081452608109,0.07624698721338063
kepler,falso_negativo,1343,occlusion,0,0.1,0.0015448675258085132,0.9984551324741915,0.1090366393327713,0.8909633606672287,0.10749177180696279
kepler,falso_negativo,1343,occlusion,0,0.2,0.0015448675258085132,0.9984551324741915,0.2991117835044861,0.7008882164955139,0.29756691597867757
kepler,falso_negativo,1343,occlusion,0,0.3,0.0015448675258085132,0.9984551324741915,0.6768724322319031,0.3231275677680969,0.6753275647060946
kepler,falso_negativo,1343,occlusion,0,0.5,0.0015448675258085132,0.9984551324741915,0.41387227177619934,0.5861277282238007,0.4123274042503908
kepler,falso_negativo,1343,gradcam,0,0.0,0.0015448675258085132,0.9984551324741915,0.0015448675258085132,0.9984551324741915,0.0
kepler,falso_negativo,1343,gradcam,0,0.05,0.0015448675258085132,0.9984551324741915,0.00040069970418699086,0.999599300295813,-0.0011441678216215223
kepler,falso_negativo,1343,gradcam,0,0.1,0.0015448675258085132,0.9984551324741915,4.74262451461982e-05,0.9999525737548538,-0.001497441280662315
kepler,falso_negativo,1343,gradcam,0,0.2,0.0015448675258085132,0.9984551324741915,0.0007167403819039464,0.999283259618096,-0.0008281271439045668
kepler,falso_negativo,1343,gradcam,0,0.3,0.0015448675258085132,0.9984551324741915,0.0017207134515047073,0.9982792865484953,0.00017584592569619417
kepler,falso_negativo,1343,gradcam,0,0.5,0.0015448675258085132,0.9984551324741915,0.012665730901062489,0.9873342690989375,0.011120863375253975
kepler,falso_negativo,1343,gradcam_multiscale,0,0.0,0.0015448675258085132,0.9984551324741915,0.0015448675258085132,0.9984551324741915,0.0
kepler,falso_negativo,1343,gradcam_multiscale,0,0.05,0.0015448675258085132,0.9984551324741915,0.1269833743572235,0.8730166256427765,0.125438506831415
kepler,falso_negativo,1343,gradcam_multiscale,0,0.1,0.0015448675258085132,0.9984551324741915,0.1967012733221054,0.8032987266778946,0.1951564057962969
kepler,falso_negativo,1343,gradcam_multiscale,0,0.2,0.0015448675258085132,0.9984551324741915,0.7383342981338501,0.2616657018661499,0.7367894306080416
kepler,falso_negativo,1343,gradcam_multiscale,0,0.3,0.0015448675258085132,0.9984551324741915,0.8762705326080322,0.12372946739196777,0.8747256650822237
kepler,falso_negativo,1343,gradcam_multiscale,0,0.5,0.0015448675258085132,0.9984551324741915,0.051309969276189804,0.9486900307238102,0.04976510175038129
kepler,falso_negativo,1343,consensus,0,0.0,0.0015448675258085132,0.9984551324741915,0.0015448675258085132,0.9984551324741915,0.0
kepler,falso_negativo,1343,consensus,0,0.05,0.0015448675258085132,0.9984551324741915,0.02393658086657524,0.9760634191334248,0.022391713340766728
kepler,falso_negativo,1343,consensus,0,0.1,0.0015448675258085132,0.9984551324741915,0.6578547954559326,0.3421452045440674,0.6563099279301241
kepler,falso_negativo,1343,consensus,0,0.2,0.0015448675258085132,0.9984551324741915,0.6428911089897156,0.3571088910102844,0.6413462414639071
kepler,falso_negativo,1343,consensus,0,0.3,0.0015448675258085132,0.9984551324741915,0.620161771774292,0.379838228225708,0.6186169042484835
kepler,falso_negativo,1343,consensus,0,0.5,0.0015448675258085132,0.9984551324741915,0.4444566071033478,0.5555433928966522,0.44291173957753927
kepler,mayor_incertidumbre_mc_dropout,1053,saliency,1,0.0,0.6035246849060059,0.6035246849060059,0.6035246849060059,0.6035246849060059,0.0
kepler,mayor_incertidumbre_mc_dropout,1053,saliency,1,0.05,0.6035246849060059,0.6035246849060059,0.016018809750676155,0.016018809750676155,0.5875058751553297
kepler,mayor_incertidumbre_mc_dropout,1053,saliency,1,0.1,0.6035246849060059,0.6035246849060059,0.0013154830085113645,0.0013154830085113645,0.6022092018974945
kepler,mayor_incertidumbre_mc_dropout,1053,saliency,1,0.2,0.6035246849060059,0.6035246849060059,0.0014932566555216908,0.0014932566555216908,0.6020314282504842
kepler,mayor_incertidumbre_mc_dropout,1053,saliency,1,0.3,0.6035246849060059,0.6035246849060059,0.006036508362740278,0.006036508362740278,0.5974881765432656
kepler,mayor_incertidumbre_mc_dropout,1053,saliency,1,0.5,0.6035246849060059,0.6035246849060059,0.009270877577364445,0.009270877577364445,0.5942538073286414
kepler,mayor_incertidumbre_mc_dropout,1053,smoothgrad,1,0.0,0.6035246849060059,0.6035246849060059,0.6035246849060059,0.6035246849060059,0.0
kepler,mayor_incertidumbre_mc_dropout,1053,smoothgrad,1,0.05,0.6035246849060059,0.6035246849060059,0.0009505175985395908,0.0009505175985395908,0.6025741673074663
kepler,mayor_incertidumbre_mc_dropout,1053,smoothgrad,1,0.1,0.6035246849060059,0.6035246849060059,0.0012719181831926107,0.0012719181831926107,0.6022527667228132
kepler,mayor_incertidumbre_mc_dropout,1053,smoothgrad,1,0.2,0.6035246849060059,0.6035246849060059,0.004278942011296749,0.004278942011296749,0.5992457428947091
kepler,mayor_incertidumbre_mc_dropout,1053,smoothgrad,1,0.3,0.6035246849060059,0.6035246849060059,0.009924262762069702,0.009924262762069702,0.5936004221439362
kepler,mayor_incertidumbre_mc_dropout,1053,smoothgrad,1,0.5,0.6035246849060059,0.6035246849060059,0.02974778600037098,0.02974778600037098,0.5737768989056349
kepler,mayor_incertidumbre_mc_dropout,1053,integrated_gradients,1,0.0,0.6035246849060059,0.6035246849060059,0.6035246849060059,0.6035246849060059,0.0
kepler,mayor_incertidumbre_mc_dropout,1053,integrated_gradients,1,0.05,0.6035246849060059,0.6035246849060059,0.023647582158446312,0.023647582158446312,0.5798771027475595
kepler,mayor_incertidumbre_mc_dropout,1053,integrated_gradients,1,0.1,0.6035246849060059,0.6035246849060059,0.005422217305749655,0.005422217305749655,0.5981024676002562
kepler,mayor_incertidumbre_mc_dropout,1053,integrated_gradients,1,0.2,0.6035246849060059,0.6035246849060059,0.004463552497327328,0.004463552497327328,0.5990611324086785
kepler,mayor_incertidumbre_mc_dropout,1053,integrated_gradients,1,0.3,0.6035246849060059,0.6035246849060059,0.004976538475602865,0.004976538475602865,0.598548146430403
kepler,mayor_incertidumbre_mc_dropout,1053,integrated_gradients,1,0.5,0.6035246849060059,0.6035246849060059,0.0035484889522194862,0.0035484889522194862,0.5999761959537864
kepler,mayor_incertidumbre_mc_dropout,1053,occlusion,1,0.0,0.6035246849060059,0.6035246849060059,0.6035246849060059,0.6035246849060059,0.0
kepler,mayor_incertidumbre_mc_dropout,1053,occlusion,1,0.05,0.6035246849060059,0.6035246849060059,0.0012438477715477347,0.0012438477715477347,0.6022808371344581
kepler,mayor_incertidumbre_mc_dropout,1053,occlusion,1,0.1,0.6035246849060059,0.6035246849060059,0.00015084014739841223,0.00015084014739841223,0.6033738447586074
kepler,mayor_incertidumbre_mc_dropout,1053,occlusion,1,0.2,0.6035246849060059,0.6035246849060059,0.0006512421532534063,0.0006512421532534063,0.6028734427527525
kepler,mayor_incertidumbre_mc_dropout,1053,occlusion,1,0.3,0.6035246849060059,0.6035246849060059,5.058289025328122e-05,5.058289025328122e-05,0.6034741020157526
kepler,mayor_incertidumbre_mc_dropout,1053,occlusion,1,0.5,0.6035246849060059,0.6035246849060059,2.1722284145653248e-05,2.1722284145653248e-05,0.6035029626218602
kepler,mayor_incertidumbre_mc_dropout,1053,gradcam,1,0.0,0.6035246849060059,0.6035246849060059,0.6035246849060059,0.6035246849060059,0.0
kepler,mayor_incertidumbre_mc_dropout,1053,gradcam,1,0.05,0.6035246849060059,0.6035246849060059,0.0389302633702755,0.0389302633702755,0.5645944215357304
kepler,mayor_incertidumbre_mc_dropout,1053,gradcam,1,0.1,0.6035246849060059,0.6035246849060059,0.016114141792058945,0.016114141792058945,0.5874105431139469
kepler,mayor_incertidumbre_mc_dropout,1053,gradcam,1,0.2,0.6035246849060059,0.6035246849060059,0.005156950559467077,0.005156950559467077,0.5983677343465388
kepler,mayor_incertidumbre_mc_dropout,1053,gradcam,1,0.3,0.6035246849060059,0.6035246849060059,0.002000955166295171,0.002000955166295171,0.6015237297397107
kepler,mayor_incertidumbre_mc_dropout,1053,gradcam,1,0.5,0.6035246849060059,0.6035246849060059,0.0066763171926140785,0.0066763171926140785,0.5968483677133918
kepler,mayor_incertidumbre_mc_dropout,1053,gradcam_multiscale,1,0.0,0.6035246849060059,0.6035246849060059,0.6035246849060059,0.6035246849060059,0.0
kepler,mayor_incertidumbre_mc_dropout,1053,gradcam_multiscale,1,0.05,0.6035246849060059,0.6035246849060059,0.00048518835683353245,0.00048518835683353245,0.6030394965491723
kepler,mayor_incertidumbre_mc_dropout,1053,gradcam_multiscale,1,0.1,0.6035246849060059,0.6035246849060059,0.00016011271509341896,0.00016011271509341896,0.6033645721909124
kepler,mayor_incertidumbre_mc_dropout,1053,gradcam_multiscale,1,0.2,0.6035246849060059,0.6035246849060059,0.003838220378383994,0.003838220378383994,0.5996864645276219
kepler,mayor_incertidumbre_mc_dropout,1053,gradcam_multiscale,1,0.3,0.6035246849060059,0.6035246849060059,0.013436861336231232,0.013436861336231232,0.5900878235697746
kepler,mayor_incertidumbre_mc_dropout,1053,gradcam_multiscale,1,0.5,0.6035246849060059,0.6035246849060059,0.023744571954011917,0.023744571954011917,0.5797801129519939
kepler,mayor_incertidumbre_mc_dropout,1053,consensus,1,0.0,0.6035246849060059,0.6035246849060059,0.6035246849060059,0.6035246849060059,0.0
kepler,mayor_incertidumbre_mc_dropout,1053,consensus,1,0.05,0.6035246849060059,0.6035246849060059,0.0003993271093349904,0.0003993271093349904,0.6031253577966709
kepler,mayor_incertidumbre_mc_dropout,1053,consensus,1,0.1,0.6035246849060059,0.6035246849060059,0.00125114934053272,0.00125114934053272,0.6022735355654731
kepler,mayor_incertidumbre_mc_dropout,1053,consensus,1,0.2,0.6035246849060059,0.6035246849060059,7.487871334888041e-05,7.487871334888041e-05,0.603449806192657
kepler,mayor_incertidumbre_mc_dropout,1053,consensus,1,0.3,0.6035246849060059,0.6035246849060059,5.1508977776393294e-05,5.1508977776393294e-05,0.6034731759282295
kepler,mayor_incertidumbre_mc_dropout,1053,consensus,1,0.5,0.6035246849060059,0.6035246849060059,3.1726369343232363e-05,3.1726369343232363e-05,0.6034929585366626
tess,positivo_correcto_alta_confianza,693,saliency,1,0.0,0.9996888637542725,0.9996888637542725,0.9996888637542725,0.9996888637542725,0.0
tess,positivo_correcto_alta_confianza,693,saliency,1,0.05,0.9996888637542725,0.9996888637542725,0.7066876292228699,0.7066876292228699,0.2930012345314026
tess,positivo_correcto_alta_confianza,693,saliency,1,0.1,0.9996888637542725,0.9996888637542725,0.23137427866458893,0.23137427866458893,0.7683145850896835
tess,positivo_correcto_alta_confianza,693,saliency,1,0.2,0.9996888637542725,0.9996888637542725,0.011868891306221485,0.011868891306221485,0.987819972448051
tess,positivo_correcto_alta_confianza,693,saliency,1,0.3,0.9996888637542725,0.9996888637542725,0.052670739591121674,0.052670739591121674,0.9470181241631508
tess,positivo_correcto_alta_confianza,693,saliency,1,0.5,0.9996888637542725,0.9996888637542725,0.31866055727005005,0.31866055727005005,0.6810283064842224
tess,positivo_correcto_alta_confianza,693,smoothgrad,1,0.0,0.9996888637542725,0.9996888637542725,0.9996888637542725,0.9996888637542725,0.0
tess,positivo_correcto_alta_confianza,693,smoothgrad,1,0.05,0.9996888637542725,0.9996888637542725,0.4722830653190613,0.4722830653190613,0.5274057984352112
tess,positivo_correcto_alta_confianza,693,smoothgrad,1,0.1,0.9996888637542725,0.9996888637542725,0.06669069826602936,0.06669069826602936,0.9329981654882431
tess,positivo_correcto_alta_confianza,693,smoothgrad,1,0.2,0.9996888637542725,0.9996888637542725,0.039540715515613556,0.039540715515613556,0.9601481482386589
tess,positivo_correcto_alta_confianza,693,smoothgrad,1,0.3,0.9996888637542725,0.9996888637542725,0.04025178402662277,0.04025178402662277,0.9594370797276497
tess,positivo_correcto_alta_confianza,693,smoothgrad,1,0.5,0.9996888637542725,0.9996888637542725,0.5473158955574036,0.5473158955574036,0.4523729681968689
tess,positivo_correcto_alta_confianza,693,integrated_gradients,1,0.0,0.9996888637542725,0.9996888637542725,0.9996888637542725,0.9996888637542725,0.0
tess,positivo_correcto_alta_confianza,693,integrated_gradients,1,0.05,0.9996888637542725,0.9996888637542725,0.10551658272743225,0.10551658272743225,0.8941722810268402
tess,positivo_correcto_alta_confianza,693,integrated_gradients,1,0.1,0.9996888637542725,0.9996888637542725,0.022006716579198837,0.022006716579198837,0.9776821471750736
tess,positivo_correcto_alta_confianza,693,integrated_gradients,1,0.2,0.9996888637542725,0.9996888637542725,0.06478826701641083,0.06478826701641083,0.9349005967378616
tess,positivo_correcto_alta_confianza,693,integrated_gradients,1,0.3,0.9996888637542725,0.9996888637542725,0.12792816758155823,0.12792816758155823,0.8717606961727142
tess,positivo_correcto_alta_confianza,693,integrated_gradients,1,0.5,0.9996888637542725,0.9996888637542725,0.12900327146053314,0.12900327146053314,0.8706855922937393
tess,positivo_correcto_alta_confianza,693,occlusion,1,0.0,0.9996888637542725,0.9996888637542725,0.9996888637542725,0.9996888637542725,0.0
tess,positivo_correcto_alta_confianza,693,occlusion,1,0.05,0.9996888637542725,0.9996888637542725,0.26403602957725525,0.26403602957725525,0.7356528341770172
tess,positivo_correcto_alta_confianza,693,occlusion,1,0.1,0.9996888637542725,0.9996888637542725,0.029037073254585266,0.029037073254585266,0.9706517904996872
tess,positivo_correcto_alta_confianza,693,occlusion,1,0.2,0.9996888637542725,0.9996888637542725,0.08448467403650284,0.08448467403650284,0.9152041897177696
tess,positivo_correcto_alta_confianza,693,occlusion,1,0.3,0.9996888637542725,0.9996888637542725,0.12478294223546982,0.12478294223546982,0.8749059215188026
tess,positivo_correcto_alta_confianza,693,occlusion,1,0.5,0.9996888637542725,0.9996888637542725,0.1256098449230194,0.1256098449230194,0.874079018831253
tess,positivo_correcto_alta_confianza,693,gradcam,1,0.0,0.9996888637542725,0.9996888637542725,0.9996888637542725,0.9996888637542725,0.0
tess,positivo_correcto_alta_confianza,693,gradcam,1,0.05,0.9996888637542725,0.9996888637542725,0.9996898174285889,0.9996898174285889,-9.5367431640625e-07
tess,positivo_correcto_alta_confianza,693,gradcam,1,0.1,0.9996888637542725,0.9996888637542725,0.9996908903121948,0.9996908903121948,-2.0265579223632812e-06
tess,positivo_correcto_alta_confianza,693,gradcam,1,0.2,0.9996888637542725,0.9996888637542725,0.9996912479400635,0.9996912479400635,-2.384185791015625e-06
tess,positivo_correcto_alta_confianza,693,gradcam,1,0.3,0.9996888637542725,0.9996888637542725,0.9996927976608276,0.9996927976608276,-3.933906555175781e-06
tess,positivo_correcto_alta_confianza,693,gradcam,1,0.5,0.9996888637542725,0.9996888637542725,0.999697208404541,0.999697208404541,-8.344650268554688e-06
tess,positivo_correcto_alta_confianza,693,gradcam_multiscale,1,0.0,0.9996888637542725,0.9996888637542725,0.9996888637542725,0.9996888637542725,0.0
tess,positivo_correcto_alta_confianza,693,gradcam_multiscale,1,0.05,0.9996888637542725,0.9996888637542725,0.11655444651842117,0.11655444651842117,0.8831344172358513
tess,positivo_correcto_alta_confianza,693,gradcam_multiscale,1,0.1,0.9996888637542725,0.9996888637542725,0.0243416465818882,0.0243416465818882,0.9753472171723843
tess,positivo_correcto_alta_confianza,693,gradcam_multiscale,1,0.2,0.9996888637542725,0.9996888637542725,0.033232059329748154,0.033232059329748154,0.9664568044245243
tess,positivo_correcto_alta_confianza,693,gradcam_multiscale,1,0.3,0.9996888637542725,0.9996888637542725,0.1198190450668335,0.1198190450668335,0.879869818687439
tess,positivo_correcto_alta_confianza,693,gradcam_multiscale,1,0.5,0.9996888637542725,0.9996888637542725,0.12432374060153961,0.12432374060153961,0.8753651231527328
tess,positivo_correcto_alta_confianza,693,consensus,1,0.0,0.9996888637542725,0.9996888637542725,0.9996888637542725,0.9996888637542725,0.0
tess,positivo_correcto_alta_confianza,693,consensus,1,0.05,0.9996888637542725,0.9996888637542725,0.19033098220825195,0.19033098220825195,0.8093578815460205
tess,positivo_correcto_alta_confianza,693,consensus,1,0.1,0.9996888637542725,0.9996888637542725,0.030169321224093437,0.030169321224093437,0.969519542530179
tess,positivo_correcto_alta_confianza,693,consensus,1,0.2,0.9996888637542725,0.9996888637542725,0.07388117909431458,0.07388117909431458,0.9258076846599579
tess,positivo_correcto_alta_confianza,693,consensus,1,0.3,0.9996888637542725,0.9996888637542725,0.12566536664962769,0.12566536664962769,0.8740234971046448
tess,positivo_correcto_alta_confianza,693,consensus,1,0.5,0.9996888637542725,0.9996888637542725,0.12697891891002655,0.12697891891002655,0.8727099448442459
tess,negativo_correcto_alta_confianza,802,saliency,0,0.0,1.0817716855626713e-07,0.9999998918228314,1.0817716855626713e-07,0.9999998918228314,0.0
tess,negativo_correcto_alta_confianza,802,saliency,0,0.05,1.0817716855626713e-07,0.9999998918228314,7.524835154981702e-07,0.9999992475164845,6.44306346941903e-07
tess,negativo_correcto_alta_confianza,802,saliency,0,0.1,1.0817716855626713e-07,0.9999998918228314,4.183442797511816e-06,0.9999958165572025,4.075265628955549e-06
tess,negativo_correcto_alta_confianza,802,saliency,0,0.2,1.0817716855626713e-07,0.9999998918228314,7.8201963333413e-05,0.9999217980366666,7.809378616485674e-05
tess,negativo_correcto_alta_confianza,802,saliency,0,0.3,1.0817716855626713e-07,0.9999998918228314,0.0008435175404883921,0.9991564824595116,0.0008434093633198358
tess,negativo_correcto_alta_confianza,802,saliency,0,0.5,1.0817716855626713e-07,0.9999998918228314,0.008718861266970634,0.9912811387330294,0.008718753089802078
tess,negativo_correcto_alta_confianza,802,smoothgrad,0,0.0,1.0817716855626713e-07,0.9999998918228314,1.0817716855626713e-07,0.9999998918228314,0.0
tess,negativo_correcto_alta_confianza,802,smoothgrad,0,0.05,1.0817716855626713e-07,0.9999998918228314,7.524835154981702e-07,0.9999992475164845,6.44306346941903e-07
tess,negativo_correcto_alta_confianza,802,smoothgrad,0,0.1,1.0817716855626713e-07,0.9999998918228314,5.934723048994783e-06,0.999994065276951,5.826545880438516e-06
tess,negativo_correcto_alta_confianza,802,smoothgrad,0,0.2,1.0817716855626713e-07,0.9999998918228314,9.665614197729155e-05,0.9999033438580227,9.654796480873529e-05
tess,negativo_correcto_alta_confianza,802,smoothgrad,0,0.3,1.0817716855626713e-07,0.9999998918228314,0.000646169122774154,0.9993538308772258,0.0006460609456055977
tess,negativo_correcto_alta_confianza,802,smoothgrad,0,0.5,1.0817716855626713e-07,0.9999998918228314,0.017647497355937958,0.982352502644062,0.0176473891787694
tess,negativo_correcto_alta_confianza,802,integrated_gradients,0,0.0,1.0817716855626713e-07,0.9999998918228314,1.0817716855626713e-07,0.9999998918228314,0.0
tess,negativo_correcto_alta_confianza,802,integrated_gradients,0,0.05,1.0817716855626713e-07,0.9999998918228314,1.018245939121698e-06,0.9999989817540609,9.100687705654309e-07
tess,negativo_correcto_alta_confianza,802,integrated_gradients,0,0.1,1.0817716855626713e-07,0.9999998918228314,1.809421883081086e-05,0.9999819057811692,1.7986041662254593e-05
tess,negativo_correcto_alta_confianza,802,integrated_gradients,0,0.2,1.0817716855626713e-07,0.9999998918228314,0.0005852813483215868,0.9994147186516784,0.0005851731711530306
tess,negativo_correcto_alta_confianza,802,integrated_gradients,0,0.3,1.0817716855626713e-07,0.9999998918228314,0.038064323365688324,0.9619356766343117,0.03806421518851977
tess,negativo_correcto_alta_confianza,802,integrated_gradients,0,0.5,1.0817716855626713e-07,0.9999998918228314,0.08026198297739029,0.9197380170226097,0.08026187480022173
tess,negativo_correcto_alta_confianza,802,occlusion,0,0.0,1.0817716855626713e-07,0.9999998918228314,1.0817716855626713e-07,0.9999998918228314,0.0
tess,negativo_correcto_alta_confianza,802,occlusion,0,0.05,1.0817716855626713e-07,0.9999998918228314,2.072015831799945e-06,0.9999979279841682,1.9638386632436777e-06
tess,negativo_correcto_alta_confianza,802,occlusion,0,0.1,1.0817716855626713e-07,0.9999998918228314,2.126121034962125e-05,0.9999787387896504,2.1153033181064984e-05
tess,negativo_correcto_alta_confianza,802,occlusion,0,0.2,1.0817716855626713e-07,0.9999998918228314,0.0016776202246546745,0.9983223797753453,0.0016775120474861183
tess,negativo_correcto_alta_confianza,802,occlusion,0,0.3,1.0817716855626713e-07,0.9999998918228314,0.032240018248558044,0.967759981751442,0.03223991007138949
tess,negativo_correcto_alta_confianza,802,occlusion,0,0.5,1.0817716855626713e-07,0.9999998918228314,0.21893848478794098,0.781061515212059,0.21893837661077242
tess,negativo_correcto_alta_confianza,802,gradcam,0,0.0,1.0817716855626713e-07,0.9999998918228314,1.0817716855626713e-07,0.9999998918228314,0.0
tess,negativo_correcto_alta_confianza,802,gradcam,0,0.05,1.0817716855626713e-07,0.9999998918228314,2.351227550434487e-07,0.999999764877245,1.2694558648718157e-07
tess,negativo_correcto_alta_confianza,802,gradcam,0,0.1,1.0817716855626713e-07,0.9999998918228314,5.85546672482451e-07,0.9999994144533275,4.773695039261838e-07
tess,negativo_correcto_alta_confianza,802,gradcam,0,0.2,1.0817716855626713e-07,0.9999998918228314,1.1169204299221747e-05,0.9999888307957008,1.106102713066548e-05
tess,negativo_correcto_alta_confianza,802,gradcam,0,0.3,1.0817716855626713e-07,0.9999998918228314,6.611131539102644e-05,0.999933888684609,6.600313822247017e-05
tess,negativo_correcto_alta_confianza,802,gradcam,0,0.5,1.0817716855626713e-07,0.9999998918228314,0.0002798513451125473,0.9997201486548875,0.000279743167943991
tess,negativo_correcto_alta_confianza,802,gradcam_multiscale,0,0.0,1.0817716855626713e-07,0.9999998918228314,1.0817716855626713e-07,0.9999998918228314,0.0
tess,negativo_correcto_alta_confianza,802,gradcam_multiscale,0,0.05,1.0817716855626713e-07,0.9999998918228314,7.582269745398662e-07,0.9999992417730255,6.500498059835991e-07
tess,negativo_correcto_alta_confianza,802,gradcam_multiscale,0,0.1,1.0817716855626713e-07,0.9999998918228314,7.774444384267554e-06,0.9999922255556157,7.666267215711287e-06
tess,negativo_correcto_alta_confianza,802,gradcam_multiscale,0,0.2,1.0817716855626713e-07,0.9999998918228314,0.0003878946590702981,0.9996121053409297,0.0003877864819017418
tess,negativo_correcto_alta_confianza,802,gradcam_multiscale,0,0.3,1.0817716855626713e-07,0.9999998918228314,0.013198448345065117,0.9868015516549349,0.01319834016789656
tess,negativo_correcto_alta_confianza,802,gradcam_multiscale,0,0.5,1.0817716855626713e-07,0.9999998918228314,0.20224082469940186,0.7977591753005981,0.2022407165222333
tess,negativo_correcto_alta_confianza,802,consensus,0,0.0,1.0817716855626713e-07,0.9999998918228314,1.0817716855626713e-07,0.9999998918228314,0.0
tess,negativo_correcto_alta_confianza,802,consensus,0,0.05,1.0817716855626713e-07,0.9999998918228314,1.3330661658983445e-06,0.9999986669338341,1.2248889973420773e-06
tess,negativo_correcto_alta_confianza,802,consensus,0,0.1,1.0817716855626713e-07,0.9999998918228314,1.8577966329758056e-05,0.9999814220336702,1.846978916120179e-05
tess,negativo_correcto_alta_confianza,802,consensus,0,0.2,1.0817716855626713e-07,0.9999998918228314,0.0015362866688519716,0.998463713331148,0.0015361784916834154
tess,negativo_correcto_alta_confianza,802,consensus,0,0.3,1.0817716855626713e-07,0.9999998918228314,0.04484531655907631,0.9551546834409237,0.04484520838190775
tess,negativo_correcto_alta_confianza,802,consensus,0,0.5,1.0817716855626713e-07,0.9999998918228314,0.0679250955581665,0.9320749044418335,0.06792498738099795
tess,cerca_del_umbral,1007,saliency,0,0.0,0.7482843995094299,0.25171560049057007,0.7482843995094299,0.25171560049057007,0.0
tess,cerca_del_umbral,1007,saliency,0,0.05,0.7482843995094299,0.25171560049057007,0.11155863851308823,0.8884413614869118,-0.6367257609963417
tess,cerca_del_umbral,1007,saliency,0,0.1,0.7482843995094299,0.25171560049057007,0.002742171287536621,0.9972578287124634,-0.7455422282218933
tess,cerca_del_umbral,1007,saliency,0,0.2,0.7482843995094299,0.25171560049057007,0.0009963646298274398,0.9990036353701726,-0.7472880348796025
tess,cerca_del_umbral,1007,saliency,0,0.3,0.7482843995094299,0.25171560049057007,0.0051595959812402725,0.9948404040187597,-0.7431248035281897
tess,cerca_del_umbral,1007,saliency,0,0.5,0.7482843995094299,0.25171560049057007,0.024169083684682846,0.9758309163153172,-0.7241153158247471
tess,cerca_del_umbral,1007,smoothgrad,0,0.0,0.7482843995094299,0.25171560049057007,0.7482843995094299,0.25171560049057007,0.0
tess,cerca_del_umbral,1007,smoothgrad,0,0.05,0.7482843995094299,0.25171560049057007,0.004063175525516272,0.9959368244744837,-0.7442212239839137
tess,cerca_del_umbral,1007,smoothgrad,0,0.1,0.7482843995094299,0.25171560049057007,0.001803176593966782,0.9981968234060332,-0.7464812229154631
tess,cerca_del_umbral,1007,smoothgrad,0,0.2,0.7482843995094299,0.25171560049057007,0.0010510013671591878,0.9989489986328408,-0.7472333981422707
tess,cerca_del_umbral,1007,smoothgrad,0,0.3,0.7482843995094299,0.25171560049057007,0.005702053662389517,0.9942979463376105,-0.7425823458470404
tess,cerca_del_umbral,1007,smoothgrad,0,0.5,0.7482843995094299,0.25171560049057007,0.06237773597240448,0.9376222640275955,-0.6859066635370255
tess,cerca_del_umbral,1007,integrated_gradients,0,0.0,0.7482843995094299,0.25171560049057007,0.7482843995094299,0.25171560049057007,0.0
tess,cerca_del_umbral,1007,integrated_gradients,0,0.05,0.7482843995094299,0.25171560049057007,0.00046512947301380336,0.9995348705269862,-0.7478192700364161
tess,cerca_del_umbral,1007,integrated_gradients,0,0.1,0.7482843995094299,0.25171560049057007,0.0006865881150588393,0.9993134118849412,-0.7475978113943711
tess,cerca_del_umbral,1007,integrated_gradients,0,0.2,0.7482843995094299,0.25171560049057007,0.0029741909820586443,0.9970258090179414,-0.7453102085273713
tess,cerca_del_umbral,1007,integrated_gradients,0,0.3,0.7482843995094299,0.25171560049057007,0.03999876230955124,0.9600012376904488,-0.7082856371998787
tess,cerca_del_umbral,1007,integrated_gradients,0,0.5,0.7482843995094299,0.25171560049057007,0.060258444398641586,0.9397415556013584,-0.6880259551107883
tess,cerca_del_umbral,1007,occlusion,0,0.0,0.7482843995094299,0.25171560049057007,0.7482843995094299,0.25171560049057007,0.0
tess,cerca_del_umbral,1007,occlusion,0,0.05,0.7482843995094299,0.25171560049057007,0.9257012009620667,0.07429879903793335,0.17741680145263672
tess,cerca_del_umbral,1007,occlusion,0,0.1,0.7482843995094299,0.25171560049057007,0.974296510219574,0.025703489780426025,0.22601211071014404
tess,cerca_del_umbral,1007,occlusion,0,0.2,0.7482843995094299,0.25171560049057007,0.990906834602356,0.009093165397644043,0.24262243509292603
tess,cerca_del_umbral,1007,occlusion,0,0.3,0.7482843995094299,0.25171560049057007,0.9923551082611084,0.0076448917388916016,0.24407070875167847
tess,cerca_del_umbral,1007,occlusion,0,0.5,0.7482843995094299,0.25171560049057007,0.9946756362915039,0.005324363708496094,0.24639123678207397
tess,cerca_del_umbral,1007,gradcam,0,0.0,0.7482843995094299,0.25171560049057007,0.7482843995094299,0.25171560049057007,0.0
tess,cerca_del_umbral,1007,gradcam,0,0.05,0.7482843995094299,0.25171560049057007,0.27800270915031433,0.7219972908496857,-0.4702816903591156
tess,cerca_del_umbral,1007,gradcam,0,0.1,0.7482843995094299,0.25171560049057007,0.28457900881767273,0.7154209911823273,-0.4637053906917572
tess,cerca_del_umbral,1007,gradcam,0,0.2,0.7482843995094299,0.25171560049057007,0.07723689824342728,0.9227631017565727,-0.6710475012660027
tess,cerca_del_umbral,1007,gradcam,0,0.3,0.7482843995094299,0.25171560049057007,0.22066694498062134,0.7793330550193787,-0.5276174545288086
tess,cerca_del_umbral,1007,gradcam,0,0.5,0.7482843995094299,0.25171560049057007,0.025438301265239716,0.9745616987347603,-0.7228460982441902
tess,cerca_del_umbral,1007,gradcam_multiscale,0,0.0,0.7482843995094299,0.25171560049057007,0.7482843995094299,0.25171560049057007,0.0
tess,cerca_del_umbral,1007,gradcam_multiscale,0,0.05,0.7482843995094299,0.25171560049057007,0.5650580525398254,0.43494194746017456,-0.1832263469696045
tess,cerca_del_umbral,1007,gradcam_multiscale,0,0.1,0.7482843995094299,0.25171560049057007,0.5435488820075989,0.4564511179924011,-0.20473551750183105
tess,cerca_del_umbral,1007,gradcam_multiscale,0,0.2,0.7482843995094299,0.25171560049057007,0.6493453979492188,0.35065460205078125,-0.09893900156021118
tess,cerca_del_umbral,1007,gradcam_multiscale,0,0.3,0.7482843995094299,0.25171560049057007,0.6595916152000427,0.3404083847999573,-0.08869278430938721
tess,cerca_del_umbral,1007,gradcam_multiscale,0,0.5,0.7482843995094299,0.25171560049057007,0.6843432784080505,0.31565672159194946,-0.0639411211013794
tess,cerca_del_umbral,1007,consensus,0,0.0,0.7482843995094299,0.25171560049057007,0.7482843995094299,0.25171560049057007,0.0
tess,cerca_del_umbral,1007,consensus,0,0.05,0.7482843995094299,0.25171560049057007,0.6381721496582031,0.3618278503417969,-0.1101122498512268
tess,cerca_del_umbral,1007,consensus,0,0.1,0.7482843995094299,0.25171560049057007,0.36679553985595703,0.633204460144043,-0.3814888596534729
tess,cerca_del_umbral,1007,consensus,0,0.2,0.7482843995094299,0.25171560049057007,0.24196173250675201,0.758038267493248,-0.5063226670026779
tess,cerca_del_umbral,1007,consensus,0,0.3,0.7482843995094299,0.25171560049057007,0.04387998208403587,0.9561200179159641,-0.7044044174253941
tess,cerca_del_umbral,1007,consensus,0,0.5,0.7482843995094299,0.25171560049057007,0.061038415879011154,0.9389615841209888,-0.6872459836304188
tess,falso_positivo,700,saliency,1,0.0,0.9807037115097046,0.9807037115097046,0.9807037115097046,0.9807037115097046,0.0
tess,falso_positivo,700,saliency,1,0.05,0.9807037115097046,0.9807037115097046,0.5531432628631592,0.5531432628631592,0.4275604486465454
tess,falso_positivo,700,saliency,1,0.1,0.9807037115097046,0.9807037115097046,0.32828444242477417,0.32828444242477417,0.6524192690849304
tess,falso_positivo,700,saliency,1,0.2,0.9807037115097046,0.9807037115097046,0.007337257266044617,0.007337257266044617,0.97336645424366
tess,falso_positivo,700,saliency,1,0.3,0.9807037115097046,0.9807037115097046,0.007597779389470816,0.007597779389470816,0.9731059321202338
tess,falso_positivo,700,saliency,1,0.5,0.9807037115097046,0.9807037115097046,0.02215004712343216,0.02215004712343216,0.9585536643862724
tess,falso_positivo,700,smoothgrad,1,0.0,0.9807037115097046,0.9807037115097046,0.9807037115097046,0.9807037115097046,0.0
tess,falso_positivo,700,smoothgrad,1,0.05,0.9807037115097046,0.9807037115097046,0.5692299604415894,0.5692299604415894,0.41147375106811523
tess,falso_positivo,700,smoothgrad,1,0.1,0.9807037115097046,0.9807037115097046,0.36665335297584534,0.36665335297584534,0.6140503585338593
tess,falso_positivo,700,smoothgrad,1,0.2,0.9807037115097046,0.9807037115097046,0.006693706847727299,0.006693706847727299,0.9740100046619773
tess,falso_positivo,700,smoothgrad,1,0.3,0.9807037115097046,0.9807037115097046,0.007562371902167797,0.007562371902167797,0.9731413396075368
tess,falso_positivo,700,smoothgrad,1,0.5,0.9807037115097046,0.9807037115097046,0.022115547209978104,0.022115547209978104,0.9585881642997265
tess,falso_positivo,700,integrated_gradients,1,0.0,0.9807037115097046,0.9807037115097046,0.9807037115097046,0.9807037115097046,0.0
tess,falso_positivo,700,integrated_gradients,1,0.05,0.9807037115097046,0.9807037115097046,0.006804443895816803,0.006804443895816803,0.9738992676138878
tess,falso_positivo,700,integrated_gradients,1,0.1,0.9807037115097046,0.9807037115097046,0.019854752346873283,0.019854752346873283,0.9608489591628313
tess,falso_positivo,700,integrated_gradients,1,0.2,0.9807037115097046,0.9807037115097046,0.03704239800572395,0.03704239800572395,0.9436613135039806
tess,falso_positivo,700,integrated_gradients,1,0.3,0.9807037115097046,0.9807037115097046,0.13022762537002563,0.13022762537002563,0.850476086139679
tess,falso_positivo,700,integrated_gradients,1,0.5,0.9807037115097046,0.9807037115097046,0.12781426310539246,0.12781426310539246,0.8528894484043121
tess,falso_positivo,700,occlusion,1,0.0,0.9807037115097046,0.9807037115097046,0.9807037115097046,0.9807037115097046,0.0
tess,falso_positivo,700,occlusion,1,0.05,0.9807037115097046,0.9807037115097046,0.008558565750718117,0.008558565750718117,0.9721451457589865
tess,falso_positivo,700,occlusion,1,0.1,0.9807037115097046,0.9807037115097046,0.02075766772031784,0.02075766772031784,0.9599460437893867
tess,falso_positivo,700,occlusion,1,0.2,0.9807037115097046,0.9807037115097046,0.06543177366256714,0.06543177366256714,0.9152719378471375
tess,falso_positivo,700,occlusion,1,0.3,0.9807037115097046,0.9807037115097046,0.12406076490879059,0.12406076490879059,0.856642946600914
tess,falso_positivo,700,occlusion,1,0.5,0.9807037115097046,0.9807037115097046,0.12885457277297974,0.12885457277297974,0.8518491387367249
tess,falso_positivo,700,gradcam,1,0.0,0.9807037115097046,0.9807037115097046,0.9807037115097046,0.9807037115097046,0.0
tess,falso_positivo,700,gradcam,1,0.05,0.9807037115097046,0.9807037115097046,0.9807006120681763,0.9807006120681763,3.0994415283203125e-06
tess,falso_positivo,700,gradcam,1,0.1,0.9807037115097046,0.9807037115097046,0.9807432889938354,0.9807432889938354,-3.9577484130859375e-05
tess,falso_positivo,700,gradcam,1,0.2,0.9807037115097046,0.9807037115097046,0.9809054136276245,0.9809054136276245,-0.00020170211791992188
tess,falso_positivo,700,gradcam,1,0.3,0.9807037115097046,0.9807037115097046,0.9815031290054321,0.9815031290054321,-0.0007994174957275391
tess,falso_positivo,700,gradcam,1,0.5,0.9807037115097046,0.9807037115097046,0.9105159640312195,0.9105159640312195,0.07018774747848511
tess,falso_positivo,700,gradcam_multiscale,1,0.0,0.9807037115097046,0.9807037115097046,0.9807037115097046,0.9807037115097046,0.0
tess,falso_positivo,700,gradcam_multiscale,1,0.05,0.9807037115097046,0.9807037115097046,0.015310890041291714,0.015310890041291714,0.9653928214684129
tess,falso_positivo,700,gradcam_multiscale,1,0.1,0.9807037115097046,0.9807037115097046,0.016546448692679405,0.016546448692679405,0.9641572628170252
tess,falso_positivo,700,gradcam_multiscale,1,0.2,0.9807037115097046,0.9807037115097046,0.07683102786540985,0.07683102786540985,0.9038726836442947
tess,falso_positivo,700,gradcam_multiscale,1,0.3,0.9807037115097046,0.9807037115097046,0.12768419086933136,0.12768419086933136,0.8530195206403732
tess,falso_positivo,700,gradcam_multiscale,1,0.5,0.9807037115097046,0.9807037115097046,0.1219063475728035,0.1219063475728035,0.8587973639369011
tess,falso_positivo,700,consensus,1,0.0,0.9807037115097046,0.9807037115097046,0.9807037115097046,0.9807037115097046,0.0
tess,falso_positivo,700,consensus,1,0.05,0.9807037115097046,0.9807037115097046,0.007301744073629379,0.007301744073629379,0.9734019674360752
tess,falso_positivo,700,consensus,1,0.1,0.9807037115097046,0.9807037115097046,0.01913483627140522,0.01913483627140522,0.9615688752382994
tess,falso_positivo,700,consensus,1,0.2,0.9807037115097046,0.9807037115097046,0.07733730226755142,0.07733730226755142,0.9033664092421532
tess,falso_positivo,700,consensus,1,0.3,0.9807037115097046,0.9807037115097046,0.12637560069561005,0.12637560069561005,0.8543281108140945
tess,falso_positivo,700,consensus,1,0.5,0.9807037115097046,0.9807037115097046,0.1331508308649063,0.1331508308649063,0.8475528806447983
tess,falso_negativo,495,saliency,0,0.0,0.00029729874222539365,0.9997027012577746,0.00029729874222539365,0.9997027012577746,0.0
tess,falso_negativo,495,saliency,0,0.05,0.00029729874222539365,0.9997027012577746,0.007933871820569038,0.992066128179431,0.007636573078343645
tess,falso_negativo,495,saliency,0,0.1,0.00029729874222539365,0.9997027012577746,0.009438959881663322,0.9905610401183367,0.009141661139437929
tess,falso_negativo,495,saliency,0,0.2,0.00029729874222539365,0.9997027012577746,0.10523082315921783,0.8947691768407822,0.10493352441699244
tess,falso_negativo,495,saliency,0,0.3,0.00029729874222539365,0.9997027012577746,0.027888363227248192,0.9721116367727518,0.027591064485022798
tess,falso_negativo,495,saliency,0,0.5,0.00029729874222539365,0.9997027012577746,0.09006557613611221,0.9099344238638878,0.08976827739388682
tess,falso_negativo,495,smoothgrad,0,0.0,0.00029729874222539365,0.9997027012577746,0.00029729874222539365,0.9997027012577746,0.0
tess,falso_negativo,495,smoothgrad,0,0.05,0.00029729874222539365,0.9997027012577746,0.007933871820569038,0.992066128179431,0.007636573078343645
tess,falso_negativo,495,smoothgrad,0,0.1,0.00029729874222539365,0.9997027012577746,0.007949692197144032,0.992050307802856,0.007652393454918638
tess,falso_negativo,495,smoothgrad,0,0.2,0.00029729874222539365,0.9997027012577746,0.011463715694844723,0.9885362843051553,0.011166416952619329
tess,falso_negativo,495,smoothgrad,0,0.3,0.00029729874222539365,0.9997027012577746,0.01638002134859562,0.9836199786514044,0.016082722606370226
tess,falso_negativo,495,smoothgrad,0,0.5,0.00029729874222539365,0.9997027012577746,0.0591752789914608,0.9408247210085392,0.058877980249235407
tess,falso_negativo,495,integrated_gradients,0,0.0,0.00029729874222539365,0.9997027012577746,0.00029729874222539365,0.9997027012577746,0.0
tess,falso_negativo,495,integrated_gradients,0,0.05,0.00029729874222539365,0.9997027012577746,0.008342706598341465,0.9916572934016585,0.008045407856116071
tess,falso_negativo,495,integrated_gradients,0,0.1,0.00029729874222539365,0.9997027012577746,0.010171419940888882,0.9898285800591111,0.009874121198663488
tess,falso_negativo,495,integrated_gradients,0,0.2,0.00029729874222539365,0.9997027012577746,0.024404199793934822,0.9755958002060652,0.02410690105170943
tess,falso_negativo,495,integrated_gradients,0,0.3,0.00029729874222539365,0.9997027012577746,0.07752201706171036,0.9224779829382896,0.07722471831948496
tess,falso_negativo,495,integrated_gradients,0,0.5,0.00029729874222539365,0.9997027012577746,0.0719006136059761,0.9280993863940239,0.07160331486375071
tess,falso_negativo,495,occlusion,0,0.0,0.00029729874222539365,0.9997027012577746,0.00029729874222539365,0.9997027012577746,0.0
tess,falso_negativo,495,occlusion,0,0.05,0.00029729874222539365,0.9997027012577746,0.007239583879709244,0.9927604161202908,0.00694228513748385
tess,falso_negativo,495,occlusion,0,0.1,0.00029729874222539365,0.9997027012577746,0.03697255253791809,0.9630274474620819,0.0366752537956927
tess,falso_negativo,495,occlusion,0,0.2,0.00029729874222539365,0.9997027012577746,0.08930084109306335,0.9106991589069366,0.08900354235083796
tess,falso_negativo,495,occlusion,0,0.3,0.00029729874222539365,0.9997027012577746,0.1888236552476883,0.8111763447523117,0.1885263565054629
tess,falso_negativo,495,occlusion,0,0.5,0.00029729874222539365,0.9997027012577746,0.042230162769556046,0.957769837230444,0.04193286402733065
tess,falso_negativo,495,gradcam,0,0.0,0.00029729874222539365,0.9997027012577746,0.00029729874222539365,0.9997027012577746,0.0
tess,falso_negativo,495,gradcam,0,0.05,0.00029729874222539365,0.9997027012577746,0.003386158961802721,0.9966138410381973,0.0030888602195773274
tess,falso_negativo,495,gradcam,0,0.1,0.00029729874222539365,0.9997027012577746,0.0032365582883358,0.9967634417116642,0.0029392595461104065
tess,falso_negativo,495,gradcam,0,0.2,0.00029729874222539365,0.9997027012577746,0.0021838040556758642,0.9978161959443241,0.0018865053134504706
tess,falso_negativo,495,gradcam,0,0.3,0.00029729874222539365,0.9997027012577746,0.0038882517255842686,0.9961117482744157,0.003590952983358875
tess,falso_negativo,495,gradcam,0,0.5,0.00029729874222539365,0.9997027012577746,0.15147915482521057,0.8485208451747894,0.15118185608298518
tess,falso_negativo,495,gradcam_multiscale,0,0.0,0.00029729874222539365,0.9997027012577746,0.00029729874222539365,0.9997027012577746,0.0
tess,falso_negativo,495,gradcam_multiscale,0,0.05,0.00029729874222539365,0.9997027012577746,0.004350301343947649,0.9956496986560524,0.004053002601722255
tess,falso_negativo,495,gradcam_multiscale,0,0.1,0.00029729874222539365,0.9997027012577746,0.0033752983435988426,0.9966247016564012,0.003077999601373449
tess,falso_negativo,495,gradcam_multiscale,0,0.2,0.00029729874222539365,0.9997027012577746,0.003755429992452264,0.9962445700075477,0.00345813125022687
tess,falso_negativo,495,gradcam_multiscale,0,0.3,0.00029729874222539365,0.9997027012577746,0.007954130880534649,0.9920458691194654,0.007656832138309255
tess,falso_negativo,495,gradcam_multiscale,0,0.5,0.00029729874222539365,0.9997027012577746,0.03815721720457077,0.9618427827954292,0.03785991846234538
tess,falso_negativo,495,consensus,0,0.0,0.00029729874222539365,0.9997027012577746,0.00029729874222539365,0.9997027012577746,0.0
tess,falso_negativo,495,consensus,0,0.05,0.00029729874222539365,0.9997027012577746,0.006095161661505699,0.9939048383384943,0.0057978629192803055
tess,falso_negativo,495,consensus,0,0.1,0.00029729874222539365,0.9997027012577746,0.009447470307350159,0.9905525296926498,0.009150171565124765
tess,falso_negativo,495,consensus,0,0.2,0.00029729874222539365,0.9997027012577746,0.02337244153022766,0.9766275584697723,0.023075142788002267
tess,falso_negativo,495,consensus,0,0.3,0.00029729874222539365,0.9997027012577746,0.07323671877384186,0.9267632812261581,0.07293942003161646
tess,falso_negativo,495,consensus,0,0.5,0.00029729874222539365,0.9997027012577746,0.1412024050951004,0.8587975949048996,0.140905106352875
tess,mayor_incertidumbre_mc_dropout,1255,saliency,0,0.0,0.4669552445411682,0.5330447554588318,0.4669552445411682,0.5330447554588318,0.0
tess,mayor_incertidumbre_mc_dropout,1255,saliency,0,0.05,0.4669552445411682,0.5330447554588318,0.03976338356733322,0.9602366164326668,-0.427191860973835
tess,mayor_incertidumbre_mc_dropout,1255,saliency,0,0.1,0.4669552445411682,0.5330447554588318,0.07910025119781494,0.9208997488021851,-0.38785499334335327
tess,mayor_incertidumbre_mc_dropout,1255,saliency,0,0.2,0.4669552445411682,0.5330447554588318,0.014031056314706802,0.9859689436852932,-0.4529241882264614
tess,mayor_incertidumbre_mc_dropout,1255,saliency,0,0.3,0.4669552445411682,0.5330447554588318,0.010294649749994278,0.9897053502500057,-0.45666059479117393
tess,mayor_incertidumbre_mc_dropout,1255,saliency,0,0.5,0.4669552445411682,0.5330447554588318,0.016042698174715042,0.983957301825285,-0.45091254636645317
tess,mayor_incertidumbre_mc_dropout,1255,smoothgrad,0,0.0,0.4669552445411682,0.5330447554588318,0.4669552445411682,0.5330447554588318,0.0
tess,mayor_incertidumbre_mc_dropout,1255,smoothgrad,0,0.05,0.4669552445411682,0.5330447554588318,0.03447439521551132,0.9655256047844887,-0.4324808493256569
tess,mayor_incertidumbre_mc_dropout,1255,smoothgrad,0,0.1,0.4669552445411682,0.5330447554588318,0.08800783008337021,0.9119921699166298,-0.378947414457798
tess,mayor_incertidumbre_mc_dropout,1255,smoothgrad,0,0.2,0.4669552445411682,0.5330447554588318,0.3098958432674408,0.6901041567325592,-0.15705940127372742
tess,mayor_incertidumbre_mc_dropout,1255,smoothgrad,0,0.3,0.4669552445411682,0.5330447554588318,0.006675173062831163,0.9933248269371688,-0.46028007147833705
tess,mayor_incertidumbre_mc_dropout,1255,smoothgrad,0,0.5,0.4669552445411682,0.5330447554588318,0.017077328637242317,0.9829226713627577,-0.4498779159039259
tess,mayor_incertidumbre_mc_dropout,1255,integrated_gradients,0,0.0,0.4669552445411682,0.5330447554588318,0.4669552445411682,0.5330447554588318,0.0
tess,mayor_incertidumbre_mc_dropout,1255,integrated_gradients,0,0.05,0.4669552445411682,0.5330447554588318,0.017478471621870995,0.982521528378129,-0.4494767729192972
tess,mayor_incertidumbre_mc_dropout,1255,integrated_gradients,0,0.1,0.4669552445411682,0.5330447554588318,0.006583640351891518,0.9934163596481085,-0.4603716041892767
tess,mayor_incertidumbre_mc_dropout,1255,integrated_gradients,0,0.2,0.4669552445411682,0.5330447554588318,0.006441718433052301,0.9935582815669477,-0.4605135261081159
tess,mayor_incertidumbre_mc_dropout,1255,integrated_gradients,0,0.3,0.4669552445411682,0.5330447554588318,0.009428340941667557,0.9905716590583324,-0.45752690359950066
tess,mayor_incertidumbre_mc_dropout,1255,integrated_gradients,0,0.5,0.4669552445411682,0.5330447554588318,0.03236319497227669,0.9676368050277233,-0.4345920495688915
tess,mayor_incertidumbre_mc_dropout,1255,occlusion,0,0.0,0.4669552445411682,0.5330447554588318,0.4669552445411682,0.5330447554588318,0.0
tess,mayor_incertidumbre_mc_dropout,1255,occlusion,0,0.05,0.4669552445411682,0.5330447554588318,0.7873978614807129,0.2126021385192871,0.3204426169395447
tess,mayor_incertidumbre_mc_dropout,1255,occlusion,0,0.1,0.4669552445411682,0.5330447554588318,0.8820083141326904,0.11799168586730957,0.4150530695915222
tess,mayor_incertidumbre_mc_dropout,1255,occlusion,0,0.2,0.4669552445411682,0.5330447554588318,0.7172989249229431,0.2827010750770569,0.2503436803817749
tess,mayor_incertidumbre_mc_dropout,1255,occlusion,0,0.3,0.4669552445411682,0.5330447554588318,0.7215509414672852,0.27844905853271484,0.25459569692611694
tess,mayor_incertidumbre_mc_dropout,1255,occlusion,0,0.5,0.4669552445411682,0.5330447554588318,0.6685431599617004,0.33145684003829956,0.20158791542053223
tess,mayor_incertidumbre_mc_dropout,1255,gradcam,0,0.0,0.4669552445411682,0.5330447554588318,0.4669552445411682,0.5330447554588318,0.0
tess,mayor_incertidumbre_mc_dropout,1255,gradcam,0,0.05,0.4669552445411682,0.5330447554588318,0.07524515688419342,0.9247548431158066,-0.3917100876569748
tess,mayor_incertidumbre_mc_dropout,1255,gradcam,0,0.1,0.4669552445411682,0.5330447554588318,0.05612434074282646,0.9438756592571735,-0.41083090379834175
tess,mayor_incertidumbre_mc_dropout,1255,gradcam,0,0.2,0.4669552445411682,0.5330447554588318,0.02278883196413517,0.9772111680358648,-0.44416641257703304
tess,mayor_incertidumbre_mc_dropout,1255,gradcam,0,0.3,0.4669552445411682,0.5330447554588318,0.026909755542874336,0.9730902444571257,-0.4400454889982939
tess,mayor_incertidumbre_mc_dropout,1255,gradcam,0,0.5,0.4669552445411682,0.5330447554588318,0.2040238380432129,0.7959761619567871,-0.2629314064979553
tess,mayor_incertidumbre_mc_dropout,1255,gradcam_multiscale,0,0.0,0.4669552445411682,0.5330447554588318,0.4669552445411682,0.5330447554588318,0.0
tess,mayor_incertidumbre_mc_dropout,1255,gradcam_multiscale,0,0.05,0.4669552445411682,0.5330447554588318,0.1348685771226883,0.8651314228773117,-0.3320866674184799
tess,mayor_incertidumbre_mc_dropout,1255,gradcam_multiscale,0,0.1,0.4669552445411682,0.5330447554588318,0.16454075276851654,0.8354592472314835,-0.3024144917726517
tess,mayor_incertidumbre_mc_dropout,1255,gradcam_multiscale,0,0.2,0.4669552445411682,0.5330447554588318,0.02161358669400215,0.9783864133059978,-0.44534165784716606
tess,mayor_incertidumbre_mc_dropout,1255,gradcam_multiscale,0,0.3,0.4669552445411682,0.5330447554588318,0.0128257405012846,0.9871742594987154,-0.4541295040398836
tess,mayor_incertidumbre_mc_dropout,1255,gradcam_multiscale,0,0.5,0.4669552445411682,0.5330447554588318,0.06478709727525711,0.9352129027247429,-0.4021681472659111
tess,mayor_incertidumbre_mc_dropout,1255,consensus,0,0.0,0.4669552445411682,0.5330447554588318,0.4669552445411682,0.5330447554588318,0.0
tess,mayor_incertidumbre_mc_dropout,1255,consensus,0,0.05,0.4669552445411682,0.5330447554588318,0.14305967092514038,0.8569403290748596,-0.32389557361602783
tess,mayor_incertidumbre_mc_dropout,1255,consensus,0,0.1,0.4669552445411682,0.5330447554588318,0.045349348336458206,0.9546506516635418,-0.42160589620471
tess,mayor_incertidumbre_mc_dropout,1255,consensus,0,0.2,0.4669552445411682,0.5330447554588318,0.012679345905780792,0.9873206540942192,-0.4542758986353874
tess,mayor_incertidumbre_mc_dropout,1255,consensus,0,0.3,0.4669552445411682,0.5330447554588318,0.016008973121643066,0.9839910268783569,-0.45094627141952515
tess,mayor_incertidumbre_mc_dropout,1255,consensus,0,0.5,0.4669552445411682,0.5330447554588318,0.028263183310627937,0.9717368166893721,-0.4386920612305403
